{"cameraMode":{"drawMode":0,"name":"Shaded","section":"Shading Mode"},"sceneLighting":true,"audioPlay":false,"sceneViewState":{"showFog":true,"showMaterialUpdate":false,"showSkybox":true,"showFlares":true,"showImageEffects":true,"showParticleSystems":true},"in2DMode":false,"pivot":{"x":-58.3813591003418,"y":12.944499015808106,"z":2.126798629760742},"rotation":{"x":0.0018109927186742426,"y":0.7398039102554321,"z":0.0019900123588740827,"w":-0.6728172302246094},"size":100.28741455078125,"orthographic":false}