{"cameraMode":{"drawMode":0,"name":"Shaded","section":"Shading Mode"},"sceneLighting":true,"audioPlay":false,"sceneViewState":{"showFog":true,"showMaterialUpdate":false,"showSkybox":true,"showFlares":true,"showImageEffects":true,"showParticleSystems":true},"in2DMode":false,"pivot":{"x":-0.18623828887939454,"y":0.44750118255615237,"z":19.541759490966798},"rotation":{"x":-0.1675712764263153,"y":0.18104368448257447,"z":-0.0313214473426342,"w":-0.9685876369476318},"size":24.44551658630371,"orthographic":false}