{"cameraMode":{"drawMode":0,"name":"Shaded","section":"Shading Mode"},"sceneLighting":true,"audioPlay":false,"sceneViewState":{"showFog":true,"showMaterialUpdate":false,"showSkybox":true,"showFlares":true,"showImageEffects":true,"showParticleSystems":true},"in2DMode":false,"pivot":{"x":42.20920181274414,"y":9.882463455200196,"z":10.067375183105469},"rotation":{"x":0.006729344371706247,"y":-0.9825749397277832,"z":0.18216483294963838,"w":0.036293745040893558},"size":29.02737045288086,"orthographic":false}