{"cameraMode":{"drawMode":0,"name":"Shaded","section":"Shading Mode"},"sceneLighting":true,"audioPlay":false,"sceneViewState":{"showFog":true,"showMaterialUpdate":false,"showSkybox":true,"showFlares":true,"showImageEffects":true,"showParticleSystems":true},"in2DMode":false,"pivot":{"x":-5.810019493103027,"y":-4.771284103393555,"z":6.128406524658203},"rotation":{"x":-0.2451777309179306,"y":-0.3464111387729645,"z":0.09431177377700806,"w":-0.9005513191223145},"size":19.398279190063478,"orthographic":false}